{
  "version": "6",
  "dialect": "postgresql",
  "entries": [
    {
      "idx": 0,
      "version": "6",
      "when": 1715458253067,
      "tag": "0000_married_living_lightning",
      "breakpoints": true
    },
    {
      "idx": 1,
      "version": "6",
      "when": 1715467019292,
      "tag": "0001_whole_black_panther",
      "breakpoints": true
    },
    {
      "idx": 2,
      "version": "6",
      "when": 1715475014882,
      "tag": "0002_short_young_avengers",
      "breakpoints": true
    }
  ]
}